Country;1980;1981;1982;1983;1984;1985;1986;1987;1988;1989;1990;1991;1992;1993;1994;1995;1996;1997;1998;1999;2000;2001;2002;2003;2004;2005;2006;2007;2008;2009;2010;2011;2012;2013;2014;2015;2016;2017;2018;2019;2020;2021;2022;2023;2024;2025;2026;2027;2028
Afghanistan;3,4;2,8;4,1;4,7;4,5;1,9;2,1;1,3;4,3;3;3,7;4,1;4,25;-0,8;3,2;2,6;3,8;3,4;4,3;3,7;5,05;3,8;3,35;8,7;0,7;11,8;5,4;13,3;3,9;20,6;8,4;6,5;14;5,7;2,7;1;2,2;2,6;1,2;3,9;-2,4;4,1;4,2;3;3,57;3,26;3,43;3,33;3,39
Albania;2,7;5,7;2,9;1,1;2;-1,5;5,6;-0,8;-1,4;9,8;-10;-28;-7,2;9,6;9,4;8,9;9,1;-10,9;8,8;12,9;6,9;8,3;4,5;5,5;5,5;5,5;5,9;6;7,5;3,4;3,7;2,5;1,4;1;1,8;2,2;3,3;3,8;4;2,1;-3,5;8,5;3,7;2,2;2,61;2,75;2,79;2,81;2,82
Algeria;-5,4;3;6,4;5,4;5,6;5,6;-0,2;-0,7;-1,9;4,8;0,8;-1,2;1,6;-2,1;-0,9;3,8;3,8;1,1;5,1;3,2;3,8;3;5,6;7,2;4,3;5,9;1,7;3,4;2,4;1,6;3,6;2,9;3,4;2,8;3,8;3,7;3,2;1,4;1,2;1;-5,1;3,4;2,9;2,6;2,44;2,38;2,36;2,35;2,35
Andorra;4,5;4,2;1,8;2,35;6,2;3,85;4,45;4,9;3,45;2,5;2,8;1,85;3,1;3,85;5,2;4,05;4,3;4,6;3,5;4,1;4,15;8,1;4,5;8,7;8,1;5,4;4,8;1,6;-5,6;-5,3;-2;0;-5;-3,5;2,5;1,4;3,7;0,3;1,6;2;-11,2;8,9;8,7;1,3;1,61;1,71;1,74;1,75;1,75
Angola;2,4;-4,4;0;4,2;6;3,5;2,9;4,1;6,1;0;-3,5;12,1;11,4;11;10,5;10,4;11,2;7,3;4,7;2,2;3,1;4,2;13,7;3;11;15;11,5;14;11,2;0,9;4,9;3,5;8,5;5;4,8;0,9;-2,6;-0,2;-1,3;-0,7;-5,6;1,1;2,8;3,5;2,65;2,27;2,1;2,02;1,99
Antigua and Barbuda;8,2;3,8;-0,1;5,4;10,2;7,6;11,5;6,6;5,2;5,3;3;2,2;1,2;5,3;6,7;-4,4;6,6;5,5;4,7;3,7;6,2;-4,5;1;6,1;5,8;6,5;12,7;9,3;0;-12;-7,8;-2;3,4;-0,6;3,8;3,8;5,5;3,1;6,9;4,9;-20,2;5,3;6,4;5,5;3,51;3,02;2,9;2,87;2,86
Argentina;0,7;-5,7;-3,1;3,7;2;-7;7,1;2,5;-2;-7;-1,3;10,5;10,3;6,3;5,8;-2,8;5,5;8,1;3,9;-3,4;-0,8;-4,4;-10,9;9;8,9;8,9;8;9;4,1;-5,9;10,1;6;-1;2,4;-2,5;2,7;-2,1;2,8;-2,6;-2;-9,9;10,4;5,2;0,2;1,47;1,73;1,78;1,79;1,79
Armenia;3,4;2,8;4,1;4,7;4,5;1,9;2,1;1,3;4,3;3;3,7;4,1;4,25;-14,1;5,4;8;5,2;3,4;6,3;3,2;5,9;9,5;14,8;14,1;10,5;14,1;13,2;13,7;6,9;-14,1;2,2;4,7;7,1;3,4;3,6;3,3;0,2;7,5;5,2;7,6;-7,2;5,7;12,6;5,5;5,01;4,86;4,82;4,81;4,8
Aruba;4,55;2,1;-0,4;-0,5;3,4;1,25;5,35;16,1;18,6;12,1;4;8;5,9;7,3;8,2;2,5;1,3;7;2;1,4;7,7;4,2;-0,9;1,1;7,3;-0,4;1,1;3,1;1,8;-11,7;-2,7;3,4;-1;6,4;0;3,6;2,1;5,5;5,3;0,6;-18,6;17,2;5,7;1,6;2,24;2,3;2,31;2,31;2,31
Australia;2,9;4,1;0,1;-0,5;6,3;5,5;2,4;4,9;4,3;4,6;1,5;-1;2,6;3,9;4,8;3;4;4,6;4,6;4,4;3,1;2,7;4,2;3;4,1;3;2,6;4,4;2,5;1,9;2,4;2,8;3,8;2,2;2,6;2,3;2,7;2,4;2,8;1,9;-1,8;5,2;3,7;1,6;2,81;2,98;3;3;3
Austria;2,3;-0,1;1,9;2,8;0,3;2,2;2,3;1,7;1;3,9;4,3;3,4;2,1;0,5;2,4;2,7;2,4;2,1;3,6;3,6;3,4;1,3;1,7;0,9;2,7;2,2;3,5;3,7;1,5;-3,8;1,8;2,9;0,7;0;0,7;1;2;2,3;2,4;1,5;-6,5;4,6;5;0,4;1,71;1,75;1,75;1,75;1,75
Azerbaijan;3,4;2,8;4,1;4,7;4,5;1,9;2,1;1,3;4,3;3;3,7;4,1;4,25;-23,1;-19,7;-13;2,5;8,9;6;11,4;6,2;6,5;9,4;10,2;9,3;28;34,5;25,5;10,6;9,4;4,8;-1,6;2,2;5,8;2,8;1;-3,1;0,2;1,5;2,5;-4,2;5,6;4,6;3;3,3;3,53;3,7;3,82;3,92
Bahamas, The;7,1;-2,9;6,3;6,8;2,4;4,1;2,6;3,7;2,3;2,3;1,1;-4,2;-3,8;0,3;3,1;4,4;4,2;4,9;4,7;7,1;4,1;2,6;2,7;-1,3;0,9;3,4;2,5;1,4;-2,3;-4,2;1,5;0,6;3,1;-2,9;1,8;1;-0,9;3,1;1,8;1,9;-23,8;13,7;11;4,3;1,78;1,87;1,87;1,87;1,87
Bahrain;7,5;2,8;6,4;7;4,2;-0,9;0,5;-1,2;6;1;3,5;2,3;7,1;7,6;3,2;1,9;3,2;2,3;4,8;6;7;2,5;3,3;6,3;7;6,8;6,5;8,3;6,2;2,5;4,3;2;3,7;5,4;4,4;2,5;3,6;4,3;2,1;2,2;-4,6;2,7;4,2;3;3,59;3,81;3,89;3,91;3,92
Bangladesh;5,15;3,8;2,4;4;5,2;3,2;4,2;3,7;2,2;2,6;5,9;3,3;5;4,6;4,1;4,9;4,6;4,5;5,2;4,7;5,3;5,1;3,8;4,7;5,2;6,5;6,7;7,1;6;5;5,6;6,5;6,5;6;6,1;6,6;7,1;6,6;7,3;7,9;3,4;6,9;7,1;5,5;6,28;6,25;6,25;6,25;6,25
Barbados;4,4;-1,9;-4,9;0,5;3,6;1,1;5,1;2,6;3,5;3,6;-3,3;-3,9;-5,7;0,8;2;2;4;4,7;3,7;0,3;4,5;-2,4;0,8;2,2;1,4;4;5,7;2,2;0,7;-5,1;-2,3;-0,7;-0,4;-1,4;-0,1;2,4;2,5;0,5;-0,6;-0,5;-13,3;-0,2;10;4,9;2,33;1,42;1,1;0,99;0,95
Belarus;1,45;3,65;4;4,3;3;1,7;3,6;2,8;5,3;3;-2,3;-1,2;-9,6;-7,6;-11,7;-11,1;2,8;11,4;8,4;3,4;5,8;4,7;5;7;11,4;9,5;10;8,6;10,2;0,2;7,8;5,3;1,6;1;1,7;-3,8;-2,5;2,5;3,1;1,4;-0,7;2,3;-4,7;0,7;1,14;1,46;1,68;1,84;1,95
Belgium;4,4;-0,3;0,6;0,3;2,5;1,7;1,8;2,3;4,7;3,5;3,1;1,8;1,5;-1;3,2;2,4;1,3;3,8;2;3,5;3,7;1,1;1,7;1;3,6;2,3;2,6;3,7;0,4;-2;2,9;1,7;0,7;0,5;1,6;2;1,3;1,6;1,8;2,2;-5,4;6,1;3,1;0,7;1,99;1,82;1,84;1,84;1,84
Belize;5;0,2;-7,6;6,1;11,3;-1,4;7,3;22;10,9;15,5;11,2;11,5;12;6,3;0,2;0,6;1,1;3,6;3,9;9;13;5;5,1;9,3;4,6;2,4;4,4;3,3;-1,5;-0,4;1,3;-0,1;3,9;4,5;4,1;3,4;0,1;-1,7;1,1;4,5;-13,4;15,2;11,4;3;3,61;3,77;3,81;3,82;3,82
Benin;9,3;1,9;1,7;-2;0,4;4,3;2,7;-2,1;3,4;-2,8;9;4,2;3;5,8;2;6;4,3;5,7;4;4,4;5,9;5,3;4,6;3,4;4,4;1,7;3,9;6;4,9;2,3;2,1;3;4,8;7,2;6,4;1,8;3,3;5,7;6,7;6,9;3,8;7,2;6;6;5,34;5,36;5,35;5,35;5,35
Bhutan;5;13,6;8,2;7,3;7,6;4,3;8;20,2;15,1;6,2;9,1;4,9;2,1;3,2;2,2;6;6;5,5;6;7,1;6,9;7;9,5;9,3;6,9;6,7;7,1;12,9;11;5,8;9,5;9,9;6,5;3,6;4;6,2;7,4;6,3;3,8;4,4;-2,3;-3,3;4,3;4,7;5,38;5,74;5,93;6,03;6,08
Bolivia;0,6;0,3;-3,9;-4;-0,2;-1,7;-2,6;2,5;2,9;3,8;4,6;5,3;1,6;4,3;4,7;4,7;4,4;5;5;0,4;2,5;1,7;2,5;2,7;4,2;4,4;4,8;4,6;6,1;3,4;4,1;5,2;5,1;6,8;5,5;4,9;4,3;4,2;4,2;2,2;-8,7;6,1;3,2;1,8;2,08;2,08;2,08;2,08;2,08
Bosnia and Herzegovina;1,45;3,65;3,4;4,3;3;1,7;3,6;2,8;2,1;0,7;-5,6;-10,8;-8,6;-1,2;-3,7;20,7;62,2;22,9;13,8;10,7;4,4;2,4;5,1;3,9;6,3;4,2;5,7;6;5,6;-0,8;0,8;0,9;-0,7;2,4;1,1;4,3;3,2;3,2;3,8;2,9;-3;7,4;3,8;2;3,03;3,63;3,97;4,16;4,28
Botswana;12;8,2;15,9;10,8;6,5;7,7;8,6;14,9;23,4;4,7;8,8;6,2;-0,2;4;-0,8;8,5;2,5;7,1;-1,6;8;4,3;2,3;7,4;5,4;1,4;5;6;5,8;3,3;-14,1;10,1;6,8;-0,2;11,1;5,7;-4,9;7,2;4,1;4,2;3;-8,7;11,8;6,4;3,7;3,85;3,83;3,83;3,83;3,83
Brazil;9,2;-4,4;0,6;-3,4;5,3;7,9;7,5;3,6;0,3;3,2;-4,2;1;-0,5;4,7;5,3;4,4;2,2;3,4;0,3;0,5;4,4;1,4;3,1;1,1;5,8;3,2;4;6,1;5,1;-0,1;7,5;4;1,9;3;0,5;-3,5;-3,3;1,3;1,8;1,2;-3,3;5;2,9;0,9;2,08;2,28;2,31;2,32;2,32
Brunei Darussalam;5,15;5,8;3,8;3,9;6,7;5,3;-2,7;2;1,1;-1,1;1,1;3,1;4,8;0,3;3,1;4,5;2,9;-1,5;-0,6;3,1;2,9;2,7;3,9;2,9;0,5;0,4;4,4;0,2;-1,9;-1,8;2,6;3,7;0,9;-2,1;-2,5;-0,4;-2,5;1,3;0,1;3,9;1,1;-1,6;-1,5;3,3;1,52;1;0,85;0,81;0,8
Bulgaria;5,7;5,3;4,2;3;4,6;1,8;5,3;4,7;2,4;-0,5;-9,1;-10,8;-8,4;-11,6;-3,7;-1,6;-8;-14,1;3,8;-8,4;4,6;3,8;5,9;5,2;6,5;7,1;6,8;6,7;6,1;-3,3;1,5;2,1;0,8;-0,6;1;3,4;3;2,8;2,7;4;-4;7,6;3,4;1,4;2,77;2,31;2,46;2,41;2,43
Burkina Faso;4;2,7;1,4;-1,2;1,6;11,3;8;-0,2;5,8;2,2;-0,6;9,1;0,2;3,5;1,3;5,7;11;6,3;7,3;7,3;1,9;6,6;4,4;7,8;4,5;8,7;6,3;4,1;5,8;3;8,4;6,6;6,5;5,8;4,3;3,9;6;6,2;6,6;5,7;1,9;6,9;2,5;4,9;5,13;5,13;5,13;5,13;5,13
Burundi;-6,8;12,2;-1,1;3,7;0,2;11,8;3,2;5,5;5;1,3;3,5;5,8;1;-6,2;-3,8;-7,9;-8;0,4;4,8;1,2;1,8;1,7;2,4;2,5;3,8;4,4;5,4;3,5;4,9;3,8;5,1;4;4,4;4,9;4,2;-3,9;-0,6;0,5;1,6;1,8;0,3;3,1;1,8;3,3;2,36;2,79;2,59;2,68;2,64
Cabo Verde;5,3;8,4;2,8;9,5;3,8;8,6;2,9;4,3;6;5,7;0,7;1,4;3;7,3;6,9;7,5;6,7;7,6;8,4;11,9;7,3;6,1;5,3;7,5;4,9;5,8;9,1;9,2;6,7;-1,3;1,5;4;1,1;0,8;0,6;1;4,7;3,7;14,6;5,7;-14,8;7;10,5;4,4;4,91;4,97;4,98;4,98;4,98
Cambodia;5,15;5,8;3,8;3,9;6,7;5,3;4,8;2,25;9,6;3,3;1,1;7,6;7,1;4;8,2;6;5,9;4;4,7;12,7;9,6;8,6;6,6;8,5;10,3;13,3;10,8;10,2;6,7;0,1;6;7,1;7,3;7,4;7,1;7;6,9;7;7,5;7,1;-3,1;3;5;5,8;5,92;5,96;5,97;5,98;5,98
Cameroon;9,9;17,1;7,6;6,8;7,5;8,1;6,8;-2,2;-7,9;-1,8;-6,2;-3,8;-3,1;-3,2;-2,5;3,3;4,9;5,3;4,9;4,1;3,4;3,4;4,8;5;6,6;1,2;3,5;4,1;2,9;2,6;2,9;3,5;4,5;5;5,8;5,6;4,5;3,5;4;3,4;0,5;3,6;3,4;4,3;4,07;4,06;4,06;4,06;4,06
Canada;2,2;3,5;-3,2;2,6;5,9;4,7;2,1;4,1;4,4;2,3;0,2;-2,1;0,9;2,7;4,5;2,7;1,6;4,3;3,9;5,2;5,2;1,8;3;1,8;3,1;3,2;2,6;2,1;1;-2,9;3,1;3,1;1,8;2,3;2,9;0,7;1;3;2,8;1,9;-5,1;5;3,4;1,5;2,19;2,28;2,29;2,29;2,29
Central African Republic;-3;13;-3,6;-6;9,9;3,7;7,2;0;1,7;3,8;1,4;-0,8;-4,9;-1,2;12,6;3,2;-6,2;4,1;3,3;2,9;-3,6;2,6;2,1;-2,2;-0,1;2,9;4,8;4;2,6;2,8;4,6;4,2;5,1;-36,4;0,1;4,3;4,7;4,5;3,8;3;1;1;0,4;2,5;1,31;1,36;1,36;1,36;1,36
Chad;-6;-10,8;5,4;15,7;5,3;7,9;6;3,6;7,5;2;3,2;10,4;2,4;-2,1;5,5;-0,8;2,1;5,7;7;-0,7;-0,9;11,7;8,5;14,7;33,6;8,3;0,6;3,3;3,1;4,1;13,6;0,1;8,8;5,8;6,9;1,8;-5,6;-2,4;2,4;3,4;-2,1;-1,1;2,5;3,5;3,96;4,14;4,21;4,24;4,25
Chile;7,9;6,2;-13,6;-2,8;5,9;2;5,6;6,6;7,3;10,6;3,7;7,8;11,2;6,6;5;8,9;5;7,4;4,2;-0,3;5;3,2;3,2;4,7;6,7;5,8;6;5,2;3,8;-1,1;5,9;6,2;6,2;3,3;1,8;2,2;1,8;1,4;4;0,7;-6,1;11,7;2,4;-1;2,86;3,55;3,68;3,7;3,7
China, People's Republic of;7,9;5,1;9;10,8;15,2;13,5;8,9;11,7;11,2;4,2;3,9;9;14,3;13,9;13;11;9,9;9,2;7,9;7,7;8,5;8,3;9,1;10;10,1;11,4;12,7;14,2;9,6;9,4;10,6;9,6;7,8;7,8;7,4;7;6,9;6,9;6,8;6;2,2;8,4;3;5,2;6,13;6,67;6,98;7,16;7,26
Colombia;4,4;2,3;0,9;1,6;3,4;3,1;5,8;5,4;4,1;3,4;4,3;2,4;4,4;5,7;5,1;5,2;2,1;3,4;0,6;-4,2;2,9;1,7;2,5;3,9;5,3;4,4;6,7;6,7;3,3;1,1;4,5;6,9;3,9;5,1;4,5;3;2,1;1,4;2,6;3,2;-7,3;11;7,5;1;3,29;3,43;3,44;3,44;3,44
Comoros;7,4;5,5;4,1;3,1;4,2;2,9;2,2;2,2;5,1;-0,8;7,4;-6,2;7,4;2,5;-4;5,6;-0,5;4,4;0;2,7;-1;5,4;4,6;2;3,1;5,7;-1,8;0,8;4;3,2;3,8;4,1;3,2;4,5;2,1;1,1;3,3;3,8;3,6;1,8;-0,2;2,1;2,4;3;2,05;2,51;2,29;2,39;2,34
Congo, Dem. Rep. of the;2,4;0,9;-0,5;1,4;4,8;0,5;4,7;2,7;0,5;-1,3;-6,6;-8,4;-10,5;-13,5;-6,1;2,8;-1,9;-7,8;-3,9;-3,8;-8,1;-2,1;2,9;6,6;7,7;9,8;5,1;8,5;7,4;0,6;7,8;7,6;8,7;9,6;7,3;6,4;0,4;3,7;4,8;4,5;1,7;6,2;6,6;6,3;5,57;4,99;4,52;4,14;3,84
Congo, Republic of ;12,7;2,6;2,4;2,4;2,4;2,4;2,3;2,3;21,9;21,3;1;3,4;4,2;1,3;-1,4;4;3,5;-1;8,9;-3,7;11,8;-4,8;1;0,5;-0,2;9,2;8;-6,6;6,3;11,6;9,9;2,2;9,9;-0,7;6,7;-3,6;-10,8;-4,4;-4,8;1;-6,2;1,5;2,8;4,1;2,02;1,64;1,57;1,55;1,55
Costa Rica;0,8;-2,3;-7,3;2,9;8;0,7;5,5;4,8;3,4;5,7;3,6;2,3;9,2;7,1;4,5;4,2;1,4;5,5;7,2;4,2;3,9;3,5;3,4;4,3;4,4;4;7,3;8,2;4,7;-0,9;5,4;4,4;4,9;2,5;3,5;3,7;4,2;4,2;2,6;2,4;-4,3;7,8;4,3;2,7;3,46;3,62;3,66;3,67;3,67
Croatia;3,8;0,8;1,2;1,8;2,5;2,4;3,1;3,6;5,2;5,1;4,3;2,5;1,8;-8;5,9;6,6;5,9;6,6;1,9;-0,9;3,7;3,1;5,8;5,6;4,2;4,3;4,9;5;2;-7,2;-1,2;-0,1;-2,3;-0,4;-0,4;2,5;3,6;3,4;2,8;3,4;-8,6;13,1;6,3;1,7;2,45;2,52;2,53;2,53;2,53
Cyprus;5,9;3,1;6,3;5,3;8,8;4,7;3,6;7,1;8,3;8,1;7,4;0,7;9,4;0,7;5,9;9,9;1,2;2,6;6,1;5;6;4;3,7;2,6;5;4,9;4,7;5,1;3,6;-2;2,3;0,4;-3,4;-6,6;-1,8;3,4;6,6;5,7;5,6;5,5;-4,4;6,6;5,6;2,5;2,9;2,97;2,99;2,99;2,99
Czech Republic;4,5;4,2;1,8;2,35;6,2;3,85;4,45;4,9;3,45;2,5;2,8;1,85;3,1;3,85;5,2;4,05;4,5;-0,5;-0,4;1,4;4;3;1,6;3,6;4,8;6,6;6,8;5,6;2,7;-4,7;2,4;1,8;-0,8;0;2,3;5,4;2,5;5,2;3,2;3;-5,5;3,6;2,4;-0,5;1,57;2,11;2,25;2,29;2,3
Côte d'Ivoire;5,2;3,5;0,2;-2,5;-2;3,6;4,8;-0,5;1,1;3;-1,1;0;-0,3;-0,2;0,2;5,6;8,1;5,7;4,9;1,6;-2,1;0,1;-1,7;-1,4;1,2;1,7;1,5;1,8;2,5;3,3;2;-4,9;10,9;9,3;8,8;8,8;7,2;6,1;3,8;8,3;1,7;7;6,7;6,2;5,64;5,41;5,32;5,28;5,27
Denmark;-0,5;-0,7;3,7;2,6;4,2;4;4,9;0,3;0;0,6;1,5;1,4;2;0;5,3;3;2,9;3,3;2,2;2,9;3,7;0,8;0,5;0,4;2,7;2,3;3,9;0,9;-0,5;-4,9;1,9;1,3;0,2;0,9;1,6;2,3;3,2;2,8;2;1,5;-2;4,9;3,6;0;1,33;1,64;1,71;1,73;1,73
Djibouti;3,4;2,8;4,1;4,7;4,5;1,9;2,1;1,3;4,3;3;3,7;-4,5;0,6;-6,8;-1,4;-3,5;-3,7;-1,2;0,1;2,9;0,7;1,8;3,2;3,2;2,8;3,1;4,8;5;5,8;1,6;4,1;7,3;4,8;5;7,1;7,5;7,1;5,5;4,8;5,5;1,2;4,8;2,5;4;3,06;3,65;3,28;3,51;3,36
Dominica;13,4;10,8;4,1;2,6;4,2;1,4;7,1;6,3;7,8;-0,2;5,4;1,3;2;2,2;0;3;3,1;2,2;3,8;0,4;2,3;-0,1;-2,8;6,4;3,1;0,7;4,7;6,4;7,1;-1,2;0,7;-0,2;-1,1;-1;4,8;-2,7;2,8;-6,6;3,5;5,5;-16,6;4,8;6;4,9;0,79;1,21;1,17;1,17;1,17
Dominican Republic;8;4,3;1,7;4,6;1,3;-2,1;3,5;10,1;2,2;4,4;-5,5;0,9;11,2;7,4;2,6;5,7;6;8,9;6,7;5,9;4,7;2,5;4,5;-1,3;2,6;9,4;9,2;7,4;3,2;0,9;8,3;3,1;2,7;4,9;7,1;6,9;6,7;4,7;7;5,1;-6,7;12,3;4,9;4,2;4,59;4,59;4,59;4,59;4,59
Ecuador;4,9;3,9;1,2;-2,8;4,2;4,4;3,1;-6;10,5;0,3;3;5,1;3,6;2;4,3;2,3;1,7;4,3;3,3;-4,7;1,1;4;4,1;2,7;8,2;5,3;4,4;2,2;6,4;0,6;3,5;7,9;5,6;4,9;3,8;0,1;-1,2;2,4;1,3;0;-7,8;4,2;3;2,9;2,68;2,69;2,69;2,69;2,69
Egypt;3,4;2,2;7,3;8,9;8;7,4;4,8;4,3;4;3;2,3;2,1;0,3;2,9;4,2;4,5;4,9;5,9;7,5;6,1;5,4;3,5;3,2;3,2;4,1;4,5;6,8;7,1;7,2;4,7;5,1;1,8;2,2;3,3;3,3;4,4;4,5;2,4;5,3;5,5;3,5;3,3;6,6;3,7;3,98;4,15;4,26;4,33;4,37
El Salvador;-8,6;-5,7;-6,3;1,5;1,3;0,6;0,2;2,5;1,9;1;4,8;1,5;7;5,8;4,7;4,7;0,8;3,1;2,7;2,2;1,1;0,9;1,6;1,6;0,9;2,7;4,3;1,9;2,1;-2,1;2,1;3,8;2,8;2,2;1,7;2,4;2,5;2,3;2,4;2,4;-8,2;10,3;2,8;2,4;3,05;2,88;2,92;2,91;2,92
Equatorial Guinea;4,8;5,8;2,2;5;1;12,9;-2,3;4,4;2,7;-1,2;2,5;-1,2;33;10,5;16,8;26,5;52,7;148;24,8;26,4;110,5;60;19,6;14,5;30,4;8,2;6,5;15,3;17,8;1,3;-8,9;6,5;8,3;-4,1;0,4;-9,1;-8,8;-5,7;-6,2;-5,5;-4,2;-3,2;1,6;-1,8;-2,05;-2,06;-2,06;-2,06;-2,06
Eritrea;2,4;2,5;1,8;1,4;3,4;4,1;3,1;2,7;5;3,8;3,2;2,1;1,8;12,9;20,9;2,3;9,1;7,9;2;0,2;-12,4;8,8;3;-2,7;1,5;2,6;-1;1,4;-19,4;12,2;10,9;25,7;1,9;-10,5;30,9;-20,6;7,4;-10;13;3,8;-0,5;2,9;2,6;2,8;3,49;3,31;3,36;3,34;3,35
Estonia;3,8;0,8;1,2;1,8;2,5;2,4;3,1;3,6;5,2;5,1;4,3;2,5;1,8;-0,1;-1,6;2,2;4,9;13;4,3;-0,4;10,1;6;6,8;7,6;6,8;9,5;9,8;7,6;-5,1;-14,6;2,4;7,3;3,2;1,5;3;1,9;3,2;5,8;3,8;3,7;-0,6;8;-1,3;-1,2;1,61;2,65;3,03;3,17;3,22
Eswatini;-3,8;6,9;1,4;-0,5;2,5;1,9;18,6;10;7,6;9,4;9,9;1,8;3,2;3,1;2,4;4,8;3,8;3,1;2,6;3;1,8;1,1;4,4;3,9;3,6;6;6;4,4;0,8;1,6;3,8;2,2;5,4;3,9;0,9;2,2;1,1;2;2,4;2,7;-1,6;7,9;0,5;2,8;3,21;3,32;3,35;3,35;3,35
Ethiopia;4;0;1;7,8;-2,3;-11,4;9,7;13,9;0,6;-0,5;2,6;-7,2;-8,9;13,4;3,5;6,1;13,5;2,8;-4,2;6,3;9,8;7,4;1,6;-2,1;11,7;12,6;11,5;11,8;11,2;10;10,6;11,4;8,7;9,9;10,3;10,4;8;10,2;7,7;9;6,1;6,3;6,4;6,1;7,47;7,7;7,74;7,75;7,75
Fiji;-1,7;6;-1,1;-4,2;10,1;-3,8;6,6;-7,2;3,5;13,9;5,8;-2,7;6,1;2,6;5,1;2,6;4,8;-2,4;1,3;8,7;-1,7;1,9;3,2;0,8;5,4;-1,3;1,9;-0,9;1;-1,4;3;2,7;1,4;4,7;5,6;4,5;2,4;5,4;3,8;-0,6;-17;-5,1;14,5;7;2,17;2,16;2,16;2,16;2,16
Finland;5,7;1,3;3,1;3,1;3,2;3,5;2,7;3,6;5,2;5,1;0,2;-5,9;-3,3;-0,7;4;4,2;3,7;6,3;5,5;4,4;5,8;2,6;1,7;2;4;2,8;4;5,3;0,8;-8,1;3,2;2,5;-1,4;-0,9;-0,4;0,5;2,8;3,2;1,1;1,2;-2,4;3;2,1;0;1,1;1,57;1,76;1,85;1,89
France;1,8;1,1;2,5;1,3;1,6;1,7;2,3;2,6;4,6;4,5;2,9;1,1;1,5;-0,7;2,4;2,3;1,4;2,3;3,6;3,3;4,1;1,9;1,2;0,8;2,6;1,7;2,6;2,4;0,2;-2,8;1,8;2,2;0,4;0,7;1;1,1;1;2,4;1,8;1,9;-7,9;6,8;2,6;0,7;1,45;1,36;1,37;1,37;1,37
Gabon;0;-4;4,1;2;4,9;5,8;-2,1;-15,4;3,5;15,4;5,1;6,1;-3,1;3,9;3,7;5;3,6;5,7;3,5;-8,9;-1,9;2,1;0,2;1,7;1,1;-0,8;-1,9;6,3;1,7;-2,3;6,3;7,1;5,3;5,5;4,4;3,9;2,1;0,5;0,8;3,9;-1,9;1,5;2,8;3;2,24;2,08;2,05;2,05;2,04
Gambia, The;0,7;-9,5;20,8;13,5;-7,6;3,6;2,4;2,8;1,7;4,3;5,7;2,2;1,8;3,8;-3,4;3,3;2,9;1,4;6,5;6,4;5,5;5,8;-3,2;6,9;7;-2,4;-0,6;3;6,3;6,7;5,9;-8,1;5,2;2,9;-1,4;4,1;1,9;4,8;7,2;6,2;0,6;4,3;4,4;5,6;2,93;3,26;3,22;3,23;3,23
Georgia;3,4;2,8;4,1;4,7;4,5;1,9;2,1;1,3;4,3;3;3,7;-21,1;-44,9;-29,3;-10,4;2,6;10,5;10,5;3,1;2,9;1,8;4,8;5,5;11,1;5,8;9,6;9,4;12,6;2,4;-3,7;6,2;7,4;6,4;3,6;4,4;3;2,9;4,8;4,8;5;-6,8;10,5;10,1;4;3,85;3,88;3,88;3,88;3,88
Germany;1,3;0,1;-0,8;1,6;2,8;2,2;2,4;1,5;3,7;3,9;5,7;5;1,9;-1;2,4;1,5;0,8;1,8;2;1,9;2,9;1,7;-0,2;-0,7;1,2;0,7;3,8;3;1;-5,7;4,2;3,9;0,4;0,4;2,2;1,5;2,2;2,7;1;1,1;-3,7;2,6;1,8;-0,1;1,25;1,46;1,49;1,5;1,5
Ghana;0,5;-3,8;-8,3;-6,2;9,4;6,4;6,2;6,7;6,5;4,5;3,6;4,8;4,5;4,8;3,5;4,2;4,8;5,8;5;4,5;3,6;3,8;4,6;5,1;5,4;6,2;5,8;4,1;9;5,7;7,8;13,9;8,4;7,2;2,9;2,1;3,4;8,1;6,2;6,5;0,5;5,4;3,2;1,6;2,77;3,46;3,85;4,09;4,22
Greece;0,7;-1,6;-1,1;-1,1;2;2,5;0,5;-2,3;4,3;3,8;0;3,1;0,7;-1,6;2;2,1;2,9;4,5;3,9;3,1;3,9;4,1;3,9;5,8;5,1;0,6;5,7;3,3;-0,3;-4,3;-5,5;-10,1;-7,1;-2,5;0,5;-0,2;-0,5;1,1;1,7;1,9;-9;8,4;5,9;2,6;1,76;1,36;1,18;1,09;1,05
Grenada;15,1;1,4;4,1;3,3;4;6;7,4;9,1;2,9;3,8;4,2;1,4;-0,8;-2;1,8;2,2;4,4;4,9;11,8;7;5,1;-2;3,4;9,5;-0,6;13,3;-4;6,1;0,9;-6,6;-0,5;0,8;-1,2;2,4;7,3;6,4;3,7;4,4;4,4;0,7;-13,8;4,7;6;3,7;2,69;2,64;2,64;2,64;2,64
Guatemala;3,7;0,6;-3,5;-2,5;0,5;-0,6;0,1;3,6;3,9;3,9;3,1;3;4,6;3,4;3,5;4,4;2,8;4,1;4,6;3,7;2,5;2,4;4,2;2,6;3;3,1;5,6;6;3,7;0,6;2,8;4,4;3,1;3,5;4,4;4,1;2,7;3,1;3,4;4;-1,8;8;4;3,4;3,54;3,56;3,57;3,57;3,57
Guinea;2,6;0,6;1,8;1,3;1,4;5;3,1;3,3;6,3;4;4,3;2,5;3,3;5;4;4,7;4,5;5,2;3,6;3,8;2,5;3,7;5,2;1,2;2,3;3;2,5;6,5;4,1;-1,5;4,2;5,6;5,9;3,9;3,7;3,8;10,8;10,3;6,4;5,6;4,9;4,3;4,3;5,6;5,31;5,2;5,17;5,15;5,15
Guinea-Bissau;2,4;-0,5;4,2;-3,4;5,5;4,3;-1;5,6;2;2,9;4,6;7,3;3,1;2,3;3;4;3,7;6;-22,4;16,8;1,1;4,8;3,7;-0,3;1,2;6,6;2,7;2,6;4,5;2,4;5,6;8,1;-1,7;3,3;1;6,1;5,3;4,8;3,8;4,5;1,5;6,4;3,5;4,5;2,7;3,5;3,15;3,31;3,24
Guyana;-2,1;0,6;-8,9;-11,5;2,1;0,4;-0,2;-0,1;-6;-4,9;-3;6;7,8;8,2;8,5;5,1;8;6,2;-1,7;3;-1,3;2,3;1,1;-0,7;1,6;-1,9;5,1;7;2;3,3;4,4;5,4;5;3,7;1,7;0,7;3,8;3,7;4,4;5,4;43,5;20,1;62,3;37,2;60,69;40,13;58,13;42,37;56,17
Haiti;7,3;1,1;-2,8;-1,5;0,2;0,8;0,3;-0,4;0,6;-1,1;-0,4;1,3;-2,3;-4,9;-11,6;9,9;4,1;2,7;2,2;2,7;0,9;-0,3;1,1;3,5;-1,3;3,1;1,8;4,7;2,7;5,9;-5,7;5,1;0,5;4,3;1,7;2,6;1,8;2,5;1,7;-1,7;-3,3;-1,8;-1,7;0,3;0,81;0,84;0,84;0,84;0,84
Honduras;0,6;-1,2;-2,1;0,9;6,3;5,6;5,3;6,6;1,7;2,7;2,8;-3,3;6,1;6,5;0,2;6,2;1,9;4,6;3,6;-0,7;7,3;2,7;3,8;4,5;6,2;6,1;6,6;6,2;4,2;-2,4;3,7;3,8;4,1;2,8;3,1;3,8;3,9;4,8;3,8;2,7;-9;12,5;4;3,7;3,31;3,35;3,35;3,35;3,35
Hong Kong SAR;10,3;9,2;2,9;6;10;0,7;11,1;13,4;8,5;2,3;3,8;5,7;6,2;6,2;6;2,4;4,3;5,1;-5,9;2,5;7,7;0,6;1,7;3,1;8,7;7,4;7;6,5;2,1;-2,5;6,8;4,8;1,7;3,1;2,8;2,4;2,2;3,8;2,8;-1,7;-6,5;6,4;-3,5;3,5;1,39;1,37;1,37;1,37;1,37
Hungary;0,2;2,9;2,8;0,7;2,7;-0,3;1,5;4,1;-0,1;0,7;-3,5;-11,9;-3,1;-0,6;2,9;2,5;0,1;3,1;3,9;3,1;4,5;4,1;4,7;4,1;5;4,3;3,9;0,3;1;-6,6;1,1;1,9;-1,3;1,8;4,2;3,7;2,2;4,3;5,4;4,9;-4,5;7,1;4,9;0,5;1,19;1,46;1,56;1,6;1,62
Iceland;5,7;4,3;2,2;-2,2;4,1;3,3;6,3;8,5;-0,1;0,3;1,2;-0,2;-3,4;1,3;3,6;0,1;4,6;5,8;7,4;4;5;4;0,6;2,1;7,8;6,1;6,3;8,5;2,2;-7,7;-2,8;1,8;1,1;4,6;1,7;4,4;6,3;4,2;4,9;1,8;-7,2;4,3;6,4;2,3;2,67;2,81;2,85;2,87;2,88
India;5,3;6;3,5;7,3;3,8;5,3;4,8;4;9,6;5,9;5,5;1,1;5,5;4,8;6,7;7,6;7,5;4;6,2;8,5;4;4,9;3,9;7,9;7,8;9,3;9,3;9,8;3,9;8,5;10,3;6,6;5,5;6,4;7,4;8;8,3;6,8;6,5;3,9;-5,8;9,1;6,8;5,9;6,07;6,08;6,09;6,09;6,09
Indonesia;9,9;7,6;2,2;4,2;7,6;3,9;7,2;6,6;7;9,1;9;8,9;6,5;8;7,5;8,2;7,8;4,7;-13,1;0,8;5;3,6;4,5;4,8;5;5,7;5,5;6,3;7,4;4,7;6,4;6,2;6;5,6;5;4,9;5;5,1;5,2;5;-2,1;3,7;5,3;5;5,22;5,29;5,32;5,33;5,33
Iran;-21,6;-5,7;23,2;11,1;-7,1;1,9;-9,8;-0,2;-6,1;6,1;13,6;12,7;3,3;-1,5;-1,7;2,4;6,4;1,4;2,1;2;5,8;2,4;8,1;8,6;4,3;3,2;5;8,2;0,3;1;5,8;2,6;-3,7;-1,5;5;-1,4;8,8;2,8;-1,8;-3,1;3,3;4,7;2,5;2;2,12;2,16;2,17;2,17;2,17
Iraq;3,4;2,8;4,1;4,7;4,5;1,9;2,1;1,3;4,3;3;3,7;4,1;4,25;-0,8;3,2;2,6;3,8;3,4;4,3;24,8;-4,3;-6,6;-7,8;81,8;53,4;1,7;5,6;1,9;8,2;3,4;6,4;7,5;13,9;7,6;0,7;2,5;15,2;-3,4;4,7;5,8;-15,7;7,7;8,1;3,7;5,73;6,28;6,43;6,47;6,48
Ireland;2,9;2,5;1,5;-0,7;3,2;1,9;0,4;3,6;3;5,6;7,7;1,6;3,6;2,3;5,9;9,6;9,1;10,7;8,8;10,5;9,4;5,3;5,9;3;6,8;5,7;5;5,3;-4,5;-5,1;1,7;0,8;0;1,1;8,6;24,4;2;9;8,5;5,4;6,2;13,6;12;5,6;5,62;5,62;5,63;5,63;5,63
Israel;3,6;4,7;1,4;2,6;2,2;4,5;3,6;7,5;3,6;1,4;6,6;4,6;7,2;3,8;7;9,7;5,9;3,8;4,1;3,3;8,7;0,3;-0,1;1,4;4,8;4,1;5,6;6;3,3;0,9;5,7;5,6;2,6;4,4;3,9;2,5;4,5;4,3;4,1;4,2;-1,9;8,6;6,4;2,9;4,13;4,18;4,18;4,18;4,18
Italy;3,1;0,6;0,2;0,9;3;2,6;2,7;3,1;4;3,3;2;1,4;0,7;-0,8;2,1;2,7;1,3;1,8;1,8;1,6;3,8;2;0,3;0,1;1,4;0,8;1,8;1,5;-1;-5,3;1,7;0,7;-3;-1,8;0;0,8;1,3;1,7;0,9;0,5;-9;7;3,7;0,7;0,64;0,64;0,64;0,64;0,64
Jamaica;-4;4,4;3,1;4,2;0,9;-0,9;7;7,7;-4;4,7;4,9;0,8;2,8;2,2;1,9;2,5;0,2;-1,6;-1,2;1;0,8;1,3;0,7;3,7;1,3;0,9;2,9;1,4;-0,8;-3,4;-1,4;1,4;-0,5;0,2;0,6;0,9;1,5;0,7;1,8;1;-9,9;4,6;4;2,2;0,73;0,82;0,81;0,81;0,81
Japan;3,2;4,2;3,3;3,5;4,5;5,2;3,3;4,7;6,8;4,9;4,9;3,4;0,8;-0,5;0,9;2,6;3,1;1;-1,3;-0,3;2,8;0,4;0;1,5;2,2;1,8;1,4;1,5;-1,2;-5,7;4,1;0;1,4;2;0,3;1,6;0,8;1,7;0,6;-0,4;-4,3;2,1;1,1;1,3;0,68;0,59;0,58;0,58;0,58
Jordan;11,1;15;5,8;1,4;5,5;-1,1;5,9;2,7;2,9;-10,7;-1,6;-5,7;16,9;4,4;5;6;1,9;3,7;3,2;3,2;4,2;5;6,6;4;8,3;8,8;8,5;8,4;7,4;5;2,3;2,7;2,4;2,6;3,4;2,5;2;2,5;1,9;1,9;-1,6;2,2;2,7;2,7;2,67;2,69;2,68;2,68;2,68
Kazakhstan;3,4;2,8;4,1;4,7;4,5;1,9;2,1;1,3;4,3;3;3,7;4,1;4,25;-9,2;-12,6;-8,2;0,5;1,7;-1,9;2,7;9,8;13,5;9,8;9,3;9,6;9,7;10,7;8,9;3,3;1,2;7,3;7,5;5;5,9;4,3;1;0,9;3,9;4,1;4,5;-2,6;4,1;3,2;4,3;4,11;3,97;3,87;3,79;3,74
Kenya;5,6;4,1;5,1;1,6;1,6;4,1;7;5,8;6,1;4,6;4,1;1,3;-1,1;-0,1;2,5;4,3;4,5;0,4;3;2,2;0,3;4;0,5;2,9;4,6;5,7;5,9;6,9;0,2;3,3;8,1;5,1;4,6;3,8;5;5;4,2;3,8;5,7;5,1;-0,3;7,5;5,4;5,3;4,43;4,18;4,11;4,08;4,08
Kiribati;0,1;0,2;0,7;-2,7;2,4;-4,5;1;0,4;9,1;-3,1;-1,3;0,1;1,3;1;1,8;-0,1;1,1;2;6,9;-1,8;6;-1,4;4;2;-1,6;5;0;2;-2,1;0,8;-1,1;1,8;5,1;4,2;-1,1;9,9;-0,5;-0,1;5,3;-2,1;-1,4;7,9;1,2;2,5;1,77;2,03;1,94;1,97;1,96
Korea, Republic of;-1,6;7,2;8,3;13,4;10,6;7,8;11,3;12,7;12;7,1;9,9;10,8;6,2;6,9;9,3;9,6;7,9;6,2;-5,1;11,5;9,1;4,9;7,7;3,1;5,2;4,3;5,3;5,8;3;0,8;6,8;3,7;2,4;3,2;3,2;2,8;2,9;3,2;2,9;2,2;-0,7;4,1;2,6;1,5;2,32;2,32;2,32;2,32;2,32
Kosovo;1,45;3,65;3,4;4,3;3;1,7;3,6;2,8;2,1;0,7;-5,6;-10,8;-8,6;-1,2;-3,7;0,7;2;1,5;3,4;3,1;4,6;4,6;-0,4;2,6;0,6;4,5;3,6;8,3;1,8;5;4,9;6,3;1,7;5,3;3,3;5,9;5,6;4,8;3,4;4,8;-5,3;10,7;2,7;3,5;3,49;3,5;3,5;3,5;3,5
Kuwait;-20,4;-18,9;-9,5;5,3;5,2;-4,3;8,6;8,1;-10;25,9;-26,2;-41;82,8;35,1;8,6;1,7;0,6;2,5;3,7;-1,8;4,7;0,2;3;17,3;10,8;10,1;7,5;6;2,5;-7,1;-2,4;9,6;6,6;1,2;0,5;0,6;2,9;-4,7;2,4;-0,6;-8,9;1,3;8,2;0,9;2,75;2,87;2,88;2,88;2,88
Kyrgyz Republic;3,4;2,8;4,1;4,7;4,5;1,9;2,1;1,3;4,3;3;3,7;4,1;4,25;-13;-19,8;-5,4;7,1;9,9;2,1;3,7;5,4;5,3;0;7;7;-0,2;3,1;8,5;7,6;2,9;-0,5;6;-0,1;10,9;4;3,9;4,3;4,7;3,5;4,6;-8,6;3,7;7;3,5;3,08;2,91;2,84;2,82;2,81
Lao P.D.R.;10;15,3;4,7;3;6,4;9,1;4,8;-1;-2,1;9,9;6,7;4;7;5,9;8,2;7;6,9;6,9;4,3;4;6,4;4,8;6,8;6,2;7,2;6,9;9;7,9;7,8;7,4;8;8;7,8;8;7,6;7,3;7;6,9;6,3;4,7;-0,4;2,1;2,3;4;5,24;5,78;6,01;6,11;6,15
Latvia;3,8;0,8;1,2;1,8;2,5;2,4;3,1;3,6;5,2;5,1;4,3;2,5;1,8;-11,4;2,2;-2,1;2,6;8,8;6,3;2,8;5,7;6,3;7,1;8,4;8,3;10,7;12;9,9;-3,2;-14,3;-4,5;2,6;7;2;1,9;3,9;2,4;3,3;4;2,6;-2,2;4,1;2;0,4;1,61;2,23;2,54;2,7;2,78
Lebanon;1,5;0,5;-36,8;22,7;44,5;24,3;-6,8;16,7;-28,2;-42,2;-13,4;38,2;4,5;7;8;6,5;4;10,2;3,9;-0,8;1,1;3,9;3,4;1,7;7,5;0,7;1,5;9,3;9,1;10,2;8;0,9;2,6;3,8;2,5;0,5;1,6;0,9;-1,9;-6,9;-25,9;4,1;4,2;3;2,62;2,53;2,51;2,5;2,5
Lesotho;-0,8;3,1;5,6;3;4,3;3,3;4,1;2,1;7,7;5,5;5,2;4,8;6,2;3,8;4,5;2,8;4,9;3,5;1,4;1,6;4,9;3,3;1,6;4,1;2,4;3,1;4,4;5;3,8;0,4;5,1;5,1;5,1;1,8;2,1;3,2;1,9;-2,7;-1,3;-2;-3,9;2,1;2,1;2,2;1,43;1,18;1,11;1,08;1,07
Liberia;2,4;2,5;1,8;1,4;3,4;4,1;3,1;2,7;5;3,8;3,2;2,1;1,8;2,4;2,45;4,05;4,4;4,5;3,55;3;3,4;2,8;4,4;-29;4;5,9;8,5;13,1;6,1;5,2;6,4;7,7;8,4;8,8;0,7;0;-1,6;2,5;1,2;-2,5;-3;5;4,8;4,3;3,13;2,96;2,93;2,93;2,93
Libya;0,6;-20;1,5;-4,7;-8,3;0,6;-11,4;-14,7;7,6;7,2;3,7;18,3;-4,5;-5,5;3,2;-15,4;1,8;-2,6;-0,7;-0,2;4;2,6;-3,7;16,1;5,8;10,6;0,3;6,2;-0,2;-4,4;5;-50,3;86,8;-18;-23;-0,8;-1,5;32,5;7,9;-11,2;-29,5;28,3;-12,8;17,5;-6,15;3,01;-0,54;0,84;0,31
Lithuania;3,8;0,8;1,2;1,8;2,5;2,4;3,1;3,6;5,2;5,1;4,3;2,5;1,8;-0,1;3,5;3,45;5,2;8,3;7,5;-1,1;3,7;6,5;6,8;10,6;6,6;7,7;7,4;11,1;2,6;-14,8;1,7;6;3,8;3,6;3,5;2;2,5;4,3;4;4,6;0;6;1,9;-0,3;2,39;3,19;3,43;3,5;3,52
Luxembourg;3,2;0,8;1;1,9;4,7;5,6;10;4;8,5;9,8;5,3;8,6;1,8;4,2;3,8;1,4;1,5;5,9;6,5;8,4;8,4;3,1;3,2;2,6;4,2;2,5;6;8,1;-0,3;-3,2;3,8;1;1,6;3,2;2,6;2,3;5;1,3;1,2;2,3;-0,8;5,1;1,5;1,1;2,01;2,27;2,35;2,38;2,38
Macao SAR;4,5;4,2;1,8;2,35;6,2;3,85;4,45;4,9;3,45;2,5;2,8;1,85;3,1;3,85;5,2;4,05;4,3;4,6;3,5;4,1;4,15;2,5;8,9;11,6;26,6;8,1;13,4;14,5;3,4;1,3;25,1;21,6;9,2;10,8;-2;-21,5;-0,7;10;6,5;-2,5;-54,2;19,3;-26,8;58,9;-5,57;6,91;4,49;4,96;4,87
Madagascar;0,8;-9,8;-1,9;0,9;1,8;1,2;2;1,2;3,4;4,1;3,1;-6,3;1,2;2,1;0;1,7;2,2;3,7;3,9;4,7;4,5;6;-12,4;9,8;5,3;4,8;5,4;5,7;6,7;-4;0,6;1,6;3;2,3;3,3;3,1;4;3,9;3,2;4,4;-7,1;5,7;4,2;4,2;2,53;2,72;2,7;2,7;2,7
Malawi;0,4;-5,2;2,5;3,7;5,4;4,6;-0,2;1,6;3,2;1,3;5,7;8,7;-7,3;9,7;-10,3;13,8;10;6,6;1,1;3,5;0,8;-4,1;1,8;5,7;5,4;3,3;4,7;9,6;7,6;8,3;6,9;4,9;1,9;5,2;5,7;3;2,3;4;4,4;5,4;0,9;4,6;0,8;2,4;3,94;3,7;3,74;3,73;3,73
Malaysia;7,4;6,9;5,9;6,3;7,8;-0,9;1,2;5,4;9,9;9,1;9;9,5;8,9;9,9;9,2;9,8;10;7,3;-7,4;6,1;8,7;0,5;5,4;5,8;6,8;5;5,6;6,3;4,8;-1,5;7,5;5,3;5,5;4,7;6;5;4,4;5,8;4,8;4,4;-5,5;3,1;8,7;4,5;4,81;4,87;4,88;4,88;4,88
Maldives;18,8;7,9;7,5;4,4;17,4;13,8;8,6;8,9;8,7;9,3;-4;6,9;6,5;5,4;7,5;7,4;9,1;10,4;9,8;7,2;4,8;3,5;6,1;25,4;6;-13,1;26,1;7,7;9,5;-7,2;7,3;8,6;2,5;7,3;7,3;2,9;6,3;7,2;8,1;6,9;-33,4;41,7;12,3;7,2;7,59;7,47;7,51;7,49;7,5
Mali;3,3;-4,5;-11,6;3,2;2,4;3,2;6,1;2,5;0,1;10,7;9,3;7,7;-1,6;3,6;3,8;3;7,3;4,8;2,9;6,2;-0,1;15,4;3,1;9,1;1,6;6,5;4,7;3,5;4,8;4,7;5,4;3,2;-0,8;2,3;7,1;6,2;5,9;5,3;4,7;4,8;-1,2;3,1;3,7;5;4,07;4,01;4,01;4,01;4,01
Malta;7;2,7;0,1;2,6;0,8;2,4;3,8;5,7;6,8;7,1;4,7;5,9;8,1;3,9;4,6;6,9;4;4,8;3,4;3,8;-1;-1,2;2,6;4,1;0,1;3,4;2,5;4,8;3,8;-1,1;5,5;0,5;4,1;5,5;7,6;9,6;3,4;10,9;6,2;7;-8,6;11,8;6,9;3,5;4,11;4,11;4,11;4,11;4,11
Marshall Islands;5,15;5,8;3,8;3,9;6,7;5,3;4,8;2,25;3,5;4,2;4,6;4,9;5;4;7,5;6,1;5,6;4;-0,7;-1,1;1,5;6,7;3,7;-1,6;-0,3;2,3;-0,2;3,4;-6,4;2,6;6,8;-0,6;-2,2;3,9;-1;1,6;1,4;3,3;3,1;6,8;-1,6;1,7;1,3;3;2,01;1,98;1,98;1,98;1,98
Mauritania;3,4;2,8;4,1;4,7;4,5;1,9;2,1;1,3;4,3;3;3,7;0;1,8;5,9;-3,1;9,8;5,8;-4;2,8;3,7;-3,9;-0,8;1,4;6,9;4,7;8,6;18,3;-2;-0,3;0,1;2,6;4,2;4,5;4,2;4,3;5,4;1,3;6,3;4,8;5,4;-0,9;2,4;5;4,4;3,36;3,31;3,31;3,31;3,31
Mauritius;-10,1;5,9;5,5;0,4;4,8;6,9;9,7;10,2;6,8;4,5;7,2;4,4;6,5;5,1;4,1;4,3;5,6;5,7;6,1;2,6;8,2;3,2;1,6;6;4,3;1,5;4,5;5,7;5,4;3,3;4,4;4,1;3,5;3,4;3,8;3,7;3,9;3,9;4;2,9;-14,6;3,5;8,3;4,6;4,11;4,03;4,02;4,02;4,02
Mexico;9,5;8,5;-0,5;-3,5;3,4;2,2;-3,1;1,7;1,3;4,1;5,2;4,2;3,5;2,7;4,9;-6,3;6,8;6,8;5,2;2,8;4,9;-0,4;0;1,4;3,9;2,3;4,5;2,3;1,1;-5,3;5,1;3,7;3,6;1,4;2,8;3,3;2,6;2,1;2,2;-0,2;-8;4,7;3,1;1,8;2,3;2,33;2,34;2,34;2,34
Micronesia, Fed. States of;5,15;5,8;3,8;3,9;6,7;5,3;4,8;2,25;3,5;4,2;4,6;4,9;5;4;7,5;6,1;-3,1;-6,1;2,7;1,5;4,9;2,1;0,6;1,6;-3,1;2,1;-0,1;-1,9;-2,2;1;2,3;3,2;-1,9;-3,7;-2,3;4,6;0,9;2,7;0,2;1,2;-1,8;-3,2;-0,6;2,8;1,24;0,72;0,55;0,5;0,48
Moldova;1,45;3,65;3,4;4,3;3;1,7;3,6;2,8;2,1;0,7;-5,6;-17,5;-29,7;-1,2;-30,9;-1,4;-5,9;1,6;-6,5;-3,4;2,1;6,1;7,8;6,6;7,4;7,5;4,8;3;7,8;-6;7,1;5,8;-0,6;9;5;-0,3;4,4;4,2;4,1;3,6;-8,3;13,9;-5,6;2;-1,39;0,53;-0,56;0,06;-0,29
Mongolia;6,4;8,4;8,3;5,8;5,9;5,7;9,4;3,5;5,1;4,2;-2,5;-9,2;-9,3;-3,2;2,1;6,4;2,2;3,9;3,3;3,1;1,1;4,6;5,3;7,4;9,4;6,5;8,2;8,8;7,8;-2,1;7,3;17,3;12,3;11,6;7,9;2,4;1,5;5,6;7,7;5,6;-4,6;1,6;4,8;4,5;4,56;4,59;4,61;4,63;4,64
Montenegro;1,45;3,65;3,4;4,3;3;1,7;3,6;2,8;2,1;0,7;-5,6;-10,8;-8,6;-1,2;-3,7;0,7;2;1,5;3,4;3,1;4,6;1,1;1,9;2,5;4,4;4,2;8,6;6,8;7,2;-5,8;2,7;3,2;-2,7;3,5;1,8;3,4;2,9;4,7;5,1;4,1;-15,3;13;6,4;3,2;2,21;2,03;2;1,99;1,99
Morocco;3,8;-2,8;9,6;-0,6;4,3;6,3;8,3;-2,5;10,4;2,4;4;7,2;-2,1;-0,7;10,6;-5,4;12,4;-1,6;7,2;1,1;1,9;7,3;3,1;6;4,8;3,3;7,6;3,5;5,9;4,2;3,8;5,2;3;4,5;2,7;4,3;0,5;5,1;3,1;2,9;-7,2;7,9;1,1;3;2,56;2,83;2,67;2,76;2,71
Mozambique;4,2;5;-6,9;-15,7;-6,5;1;-2,3;14,7;8,2;6,5;1;6,6;-6,1;10,6;6,5;2,3;11,2;11,3;9,9;11,7;1,2;12,1;9,3;6,9;7,9;6,6;9,7;7,7;7,3;6,3;6,5;7,4;7,3;7;7,4;6,7;3,8;3,7;3,4;2,3;-1,2;2,3;4,1;5;4,37;4,2;4,15;4,14;4,13
Myanmar;5,15;5,8;3,8;3,9;6,7;5,3;4,8;2,25;3,5;4,2;4,6;4,9;5;4;7,5;6,1;5,6;4;3,3;8,4;12,4;12,5;9,9;13,2;15,3;13,6;13,3;12,5;7,6;4,4;5,2;5,5;6,5;7,9;8,2;7,5;6,4;5,8;6,4;6,8;3,2;-17,9;2;2,6;1,54;1,25;1,18;1,15;1,15
Namibia;2,4;2,5;1,8;1,4;3,4;4,1;3,1;2,7;5;3,8;3,2;5,3;9,3;-1,6;3;4,1;3,2;4,2;3,3;3,4;3,5;2,4;6,7;3,5;6,6;4,7;3,9;3,6;2,6;0,3;6;5,1;5,1;5,6;6,1;4,3;0;-1;1,1;-0,8;-8;2,7;3,8;2,8;2,57;2,5;2,49;2,49;2,48
Nauru;5,15;5,8;3,8;3,9;6,7;5,3;4,8;2,25;3,5;4,2;4,6;4,9;5;4;7,5;6,1;5,6;4;3,3;3,55;5,2;4,8;4;5,2;5,2;-8;-8,3;-6,8;63,3;-6;-0,3;9,3;30,6;5;14,7;-5,7;8;-5,9;7,2;9,1;4,1;2,7;3;1;6,14;5,23;5,39;5,36;5,37
Nepal;-2,3;8,3;3,8;-3;9,7;6,1;4,6;1,7;7,7;4,3;4,6;6,4;4,1;3,8;8,2;3,5;5,3;5,3;2,9;4,5;6,1;5,6;0,1;3,9;4,7;3,5;3,4;3,4;6,1;4,5;4,8;3,4;4,7;3,5;6;4;0,4;9;7,6;6,7;-2,4;4,2;5,8;4,4;4,42;4,42;4,42;4,42;4,42
Netherlands;3,8;-0,5;-1,3;1,8;3,1;2,7;3,1;1,9;4,6;4,5;4,2;2,5;1,6;1,3;3;2,8;3,5;4,3;4,7;5;4,2;2,3;0,2;0,2;2;2;3,5;3,8;2,2;-3,7;1,3;1,5;-1;-0,1;1,4;2;2,2;2,9;2,4;2;-3,9;4,9;4,5;1;1,75;1,97;2,03;2,05;2,06
New Zealand;1;3;2,9;-0,1;6,9;1,2;1,8;2,4;0,6;0,4;0;-1,3;0,7;5,2;5,6;4,9;4,1;2,5;0,4;4,5;4,2;2,5;4,7;4,4;4,8;3,2;2,8;3,5;-0,3;-1,1;1,8;1,8;2,5;2,3;3,8;3,7;3,9;3,5;3,5;3,1;-1,5;6,1;2,4;1,1;2,26;2,5;2,55;2,56;2,56
Nicaragua;4,6;5,4;-0,8;4,6;-1,6;-4,1;-1;-0,7;-12,4;-1,7;-0,1;-0,2;0,4;-0,4;5;5,9;6,3;4;3,7;7;4,1;3;0,8;2,5;5,3;4,3;3,8;5,1;3,4;-3,3;4,4;6,3;6,5;4,9;4,8;4,8;4,6;4,6;-3,4;-3,8;-1,8;10,3;4;3;2,79;2,69;2,66;2,64;2,63
Niger;4,9;-0,2;2,2;-3,9;-16,8;7,7;6,4;0,1;6,9;1;-1,3;-0,4;2;0,3;1,9;2,5;0,1;1,5;10;-0,2;-1,2;7,3;4,9;2,2;0,4;7,3;5,9;3,1;7,7;2;8,6;2,4;10,5;5,3;6,6;4,4;5,7;5;7;6,1;3,5;1,4;11,1;6,1;5,65;5,7;5,69;5,69;5,69
Nigeria;2,4;2,5;1,8;1,4;3,4;4,1;3,1;2,7;5;3,8;3,2;-0,6;2,2;1,6;0,3;1,9;4,1;2,9;2,5;0,5;5,5;6,7;14,6;9,5;10,4;7;6,7;7,3;7,2;8,4;11,3;4,9;4,3;5,4;6,3;2,7;-1,6;0,8;1,9;2,2;-1,8;3,6;3,3;3,2;2,91;2,79;2,75;2,73;2,72
North Macedonia ;1,45;3,65;3,4;4,3;3;1,7;3,6;2,8;2,1;0,7;-5,6;-10,8;-8,6;-7,5;-1,8;-1,1;1,2;1,4;3,4;4,3;4,5;-3,1;1,5;2,2;4,7;4,7;5,1;6,5;5,5;-0,4;3,4;2,3;-0,5;2,9;3,6;3,9;2,8;1,1;2,9;3,9;-4,7;3,9;2,2;1,4;1,4;1,4;1,41;1,41;1,41
Norway;4,5;1,6;0,2;4;6,1;5,6;4;1,8;-0,3;1;1,9;3,1;3,6;2,8;5,1;4,2;5;5,3;2,7;2,1;3,3;2,1;1,4;0,9;4;2,7;2,5;2,9;0,5;-1,9;0,8;1,1;2,7;1;2;1,9;1,2;2,5;0,8;1,1;-1,3;3,9;3,3;2,1;2,07;2,05;2,04;2,04;2,04
Oman;6,1;17,1;11,5;15,9;13,9;14,5;2,1;-4;5,2;3;8,4;6;8,5;6,1;3,8;4,8;2,9;6,2;2,7;0,3;6,2;4,6;-0,8;-2,2;2;2,8;4,7;5;9;6;2,5;2,9;8,9;5,2;1,3;5;5;0,3;1,3;-1,1;-3,2;2,9;4,3;1,7;2,17;2,38;2,48;2,53;2,55
Pakistan;6,9;6,2;7,6;6,8;4;8,7;6,4;5,8;6,4;4,8;4,6;5,1;7,6;2,1;4,4;5,1;6,6;1,7;3,5;4,2;3,9;2;3,1;4,7;7,5;9;5,8;5,5;5;0,4;2,6;3,6;3,8;3,7;4,1;4,1;4,6;4,6;6,1;3,1;-0,9;5,7;6;0,5;3,1;3,55;3,62;3,64;3,64
Palau;5,15;5,8;3,8;3,9;6,7;5,3;4,8;2,25;3,5;4,2;4,6;4,9;5;4;7,5;6,1;5,6;4;3,3;3,55;5,2;6,5;5,1;-3,4;4,1;3,7;0;0,9;-5,3;-6,8;-1,7;4,1;1,9;-1,6;4,4;9,6;3,7;-3,4;0;0,4;-7,5;-12,1;-2,9;8,7;10,24;9,65;9,88;9,79;9,82
Panama;4,5;9,2;5,3;-4,5;2,7;4,9;3,6;-1,8;-13,4;1,6;8,1;9,4;8,2;5,5;2,8;1,8;7,4;6,5;7,3;3,9;2,7;0,6;2,2;4,2;7,5;7,2;8,5;12,1;9,9;1,2;5,8;11,3;9,8;6,9;5,1;5,7;5;5,6;3,7;3;-17,9;15,3;10;5;4,69;4,63;4,63;4,62;4,62
Papua New Guinea;-2,3;1,1;0,8;3,4;-1;3,6;5,7;2,8;2,9;-1,4;-3,1;9,6;13,8;13,3;10,5;-3,4;6,6;-6,3;4,7;1,9;-2,5;-0,1;-0,2;9;0,6;4,3;2,5;7,8;-0,3;6,8;10,1;1,1;4,7;3,8;13,5;6,6;5,5;3,5;-0,3;4,5;-3,2;0,1;4,5;3,7;3,43;3,37;3,36;3,36;3,36
Paraguay;11,7;9,2;-1,4;-3;2,8;3,9;0,3;4,1;5,9;5,8;4,1;3,5;1,7;4,9;5,3;6,8;1,6;4,2;0,1;-1,4;-2,3;-0,8;0;4,3;4,1;2,1;4,8;5,4;6,5;-0,3;11,1;4,3;-0,7;8,3;5,3;3;4,3;4,8;3,2;-0,4;-0,8;4;0,2;4,5;3,68;3,46;3,4;3,38;3,38
Peru;7,7;5,5;-0,3;-9,3;3,8;2,1;12,1;7,7;-9,4;-13,4;-5,1;2,2;-0,5;5,2;12,3;7,4;2,8;6,5;-0,4;1,5;2,7;0,6;5,5;4,2;5;6,3;7,5;8,5;9,1;1,1;8,3;6,3;6,1;5,9;2,4;3,3;4;2,5;4;2,2;-11;13,6;2,7;2,4;3,02;3,19;3,23;3,24;3,25
Philippines;5,1;3,4;3,6;1,9;-7,3;-7,3;3,4;4,3;6,8;6,2;3;-0,4;0,4;2,2;4,4;4,6;5,9;5,2;-0,5;3,3;4,4;3;3,7;5,1;6,6;4,9;5,3;6,5;4,3;1,4;7,3;3,9;6,9;6,8;6,3;6,3;7,1;6,9;6,3;6,1;-9,5;5,7;7,6;6;4,93;4,62;4,52;4,49;4,48
Poland;-6;-10;-4,8;5,6;-0,4;3,9;3,5;2,3;3,3;3,8;-7,2;-7;2;4,3;5,2;6,7;6,2;7,1;5;4,5;4,3;1,2;1,4;3,5;5;3,5;6,1;7,1;4,2;2,8;2,9;5;1,5;0,9;3,8;4,4;3;5,1;5,9;4,4;-2;6,8;4,9;0,3;1,71;2,4;2,73;2,89;2,97
Portugal;6,7;3,5;2,2;1;-1;1,6;3,3;7,6;5,3;6,6;7,9;3,4;3,1;-0,7;1,5;2,3;3,5;4,4;4,8;3,9;3,8;1,9;0,8;-0,9;1,8;0,8;1,6;2,5;0,3;-3,1;1,7;-1,7;-4,1;-0,9;0,8;1,8;2;3,5;2,8;2,7;-8,3;5,5;6,7;1;1,34;1,44;1,47;1,47;1,48
Puerto Rico;4,5;1,1;-3;0,5;7,3;2,1;8,2;4,9;6,5;4,9;3,8;2,3;4,6;4,6;4,2;4,5;2,3;4,9;6,5;4,4;3,3;9,5;2,2;2,3;2;-2;-1,4;-1,2;-1,8;-2;-0,4;-0,4;0;-0,3;-1,2;-1;-1,3;-2,9;-4,4;1,7;-4,4;0,2;4,8;0,4;1,1;1,04;1,05;1,05;1,05
Qatar;-1;-3,9;-8,2;-5,3;16;-13;3,7;0,9;4,7;5,3;-14,6;-1,5;10,4;-0,9;1,9;0,4;4,2;27,7;10,3;3,8;6,9;4,5;6,9;4;19,2;7,8;28,1;18,2;17,5;13,1;17,7;11,3;4,7;5,6;5,3;4,8;3,1;-1,5;1,2;0,7;-3,6;1,6;4,2;2,4;1,95;2;2;2;2
Romania;3,3;0,1;3,9;6;6;-0,1;2,4;0,8;-0,5;-5,8;-5,6;-12,9;-8,8;1,5;3,9;7,1;3,9;-6,1;-4,8;-1,2;2,9;5,1;5,7;2,3;10,3;4,7;8;7,2;9,4;-5,6;-3,9;4,5;1,9;0,2;4,1;3,2;2,9;8,2;6;3,8;-3,7;5,9;4,8;2,4;2,19;2,07;2,01;1,98;1,96
Russian Federation;1,45;3,65;3,4;4,3;3;1,7;3,6;2,8;2,1;0,7;-5,6;-5;-14,5;-8,7;-12,7;-4,1;-3,6;1,4;-5,3;6,4;10;5,1;4,7;7,3;7,2;6,4;8,2;8,5;5,2;-7,8;4,5;5,1;4;1,8;0,7;-2;0,2;1,8;2,8;2,2;-2,7;5,6;-2,1;0,7;0,03;0,19;0,15;0,16;0,16
Rwanda;-3,6;2,5;-2,5;6;13;4,4;5,5;-0,3;0,3;-5,7;0,4;-4,3;6,6;-10,4;-41,9;24,5;11,6;14,9;8,3;3,3;8,4;8,5;13,2;2,2;7,4;9,4;9,2;7,7;11,2;6,2;7,3;8;8,6;4,7;6,2;8,9;6;4;8,6;9,5;-3,4;10,9;6,8;6,2;6,29;6,29;6,29;6,29;6,29
Saint Kitts and Nevis;1,3;2,7;6,1;-2,1;9,7;6,4;8,8;8,3;10,4;6;5,5;2,3;3,1;5,4;5,4;3,5;5,9;7,3;1;3,9;9,7;5,3;1,4;-3,9;4;9,7;3,2;0,6;11,2;-3,4;0;1,6;-0,5;5,7;7,6;0,7;3,9;0,9;1,1;4;-14,5;-0,9;9;4,5;2,4;2,31;2,31;2,31;2,31
Saint Lucia;-0,5;5,1;2,1;4,1;8;12,6;14,4;3,9;13,9;9;9,9;0,4;8;0,6;1,6;1,7;2,9;-0,7;6,3;2,7;0;-3,4;0,4;4,3;7,3;-0,4;6,2;1,9;4,9;-1,9;0,5;4,8;-0,4;-2,2;1,3;-0,2;3,8;3,4;2,9;-0,7;-24,4;12,2;14,9;3;2,22;2,16;2,16;2,16;2,16
Saint Vincent and the Grenadines;2,9;3,9;2,6;3,2;5,3;4,3;5,4;0,6;13,2;3,3;4,8;2,2;7,1;3,6;-1,2;6,8;1,1;3,7;4,5;2,1;1,8;1,6;4,9;6,1;3,7;2,3;6,5;3,1;0,4;-1,2;-4,3;-0,6;1,1;2,5;1,1;2,8;4,1;1,5;3,2;0,7;-3,7;0,8;5,3;6;2,53;2,28;2,26;2,26;2,26
Samoa;-6,1;-9,1;-1;0,5;2;5,8;4,8;0,5;2,9;5,8;-6,4;-2,4;4,1;1,7;6,4;6,6;7,3;0,8;1,1;-0,6;5,1;7,4;5,7;5,2;3,1;6,6;2,1;0,5;3,6;-0,5;2,5;3,8;-3,7;0,1;0,7;3,9;8;1,4;-0,6;4,5;-3,1;-7,1;-6;5;3,1;2,26;1,88;1,71;1,64
San Marino;4,5;4,2;1,8;2,35;6,2;3,85;4,45;4,9;3,45;2,5;2,8;1,85;3,1;3,85;5,2;4,05;4,3;4,6;7,5;9;2,2;5,5;0,3;3,9;4,6;2,4;3,8;7,1;-0,4;-10,1;-5,8;-8,5;-7,2;-0,8;-0,6;2,7;2,3;0,3;1,5;2,1;-6,7;8,3;4,6;1,2;1,17;1,15;1,14;1,14;1,14
Saudi Arabia;5,7;1,9;-20,7;-16,1;-4,7;-9,8;17;-6,6;13,1;-0,5;15,2;15;4;-1,4;0,6;0,2;2,6;1,1;2,9;-3,8;5,6;-1,2;-2,8;11,2;8;5,6;2,8;1,8;6,2;-2,1;5;11;5,4;2,9;4;4,7;2,4;-0,1;2,8;0,8;-4,3;3,9;8,7;3,1;2,5;2,37;2,35;2,35;2,34
Senegal;-0,8;5,1;7,8;-5,3;3,7;3,3;3,1;6,1;-0,6;4;-0,7;2,6;1,2;1,3;-0,2;6,1;1,9;2,7;6;6;3,9;4,3;0,1;5,6;4,6;4,3;2,3;2,8;3,7;2,8;3,4;1,3;4;2,4;6,2;6,4;6,4;7,4;6,2;4,6;1,3;6,1;4,7;8,3;4,56;5,28;5,14;5,17;5,16
Serbia;1,45;3,65;3,4;4,3;3;1,7;3,6;2,8;2,1;0,7;-5,6;-10,8;-8,6;-1,2;-3,7;0,7;2;1,5;2,4;-12,1;7,8;5;7,1;4,4;9;10,2;5,1;6,4;5,7;-2,7;0,7;2;-0,7;2,9;-1,6;1,8;3,3;2,1;4,5;4,3;-0,9;7,5;2,3;2;2,79;2,74;2,74;2,74;2,74
Seychelles;-2,3;-3,9;-2,1;-0,6;4,3;10,3;0,8;4,9;5,3;10,3;7,5;2,8;7,2;7,3;-2,4;0,5;10;12,2;2,5;1,9;4,3;-2,3;1,2;-5,9;-2,9;9;9,4;10,4;-2,1;-1,1;6,3;5,7;3,8;6,4;4,7;5,6;5,4;4,5;3,2;3,1;-7,7;7,9;8,8;3,9;3,65;3,57;3,55;3,54;3,54
Sierra Leone;-0,6;1,9;1,8;-1,6;1,7;-6,7;0,1;2,4;2,1;5;1,6;-8;-9,6;0,1;3,5;-10;-24,8;-17,6;-0,8;-8,1;3,8;18,2;26,4;9,3;6,6;4,5;4,2;8,1;5,4;3,2;5,3;6,3;15,2;20,7;4,6;-20,5;6,4;3,8;3,5;5,3;-2;4,1;2,8;3,1;2,5;2,17;2;1,91;1,86
Singapore;10,1;10,8;7,1;8,6;8,8;-0,6;1,3;10,8;11,3;10,2;9,8;6,7;6,6;11,5;11,1;7,2;7,5;8,3;-2,2;5,7;9;-1,1;3,9;4,5;9,9;7,4;9;9;1,9;0,1;14,5;6,2;4,4;4,8;3,9;3;3,6;4,5;3,6;1,3;-3,9;8,9;3,6;1,5;3,59;3,82;3,84;3,84;3,84
Slovak Republic;3,8;0,8;1,2;1,8;2,5;2,4;3,1;3,6;5,2;5,1;4,3;2,5;1,8;-0,1;6,2;7,9;6,9;4,4;4,1;-0,1;1,2;3,3;4,5;5,5;5,3;6,6;8,5;10,8;5,6;-5,5;6,7;2,7;1,3;0,6;2,7;5,2;1,9;2,9;4;2,5;-3,4;3;1,7;1,3;2,71;3,13;3,26;3,29;3,31
Slovenia;3,8;0,8;1,2;1,8;2,5;2,4;3,1;3,6;5,2;5,1;4,3;2,5;1,8;2,8;5,3;4,1;3,6;5;3,3;5,3;3,7;3,2;3,5;3;4,4;3,8;5,7;7;3,5;-7,5;1,3;0,9;-2,6;-1;2,8;2,2;3,2;4,8;4,5;3,5;-4,3;8,2;5,4;1,6;2,64;2,86;2,9;2,91;2,91
Solomon Islands;-2,7;-1,8;-1,7;3,9;0,2;-3,1;-0,2;8,4;1,3;4,3;2,2;6;12,7;4;8,1;10,1;1,6;-0,9;1,3;-0,5;-14,3;-8;-2,8;6,5;6,7;5,5;4,9;4,4;5,8;2,6;8,6;7,3;1,4;5,2;1,2;1,7;5,6;3,1;2,7;1,7;-3,4;-0,6;-4,1;2,5;2,31;2,21;2,16;2,13;2,12
Somalia;3,4;2,8;4,1;4,7;4,5;1,9;2,1;1,3;4,3;3;3,7;4,1;4,25;-0,8;3,2;2,6;3,8;3,4;4,3;3,7;5,05;3,8;3,35;7;7;6,7;6,5;6,7;5,9;3;4,8;4,95;1,2;5,7;2,7;4,6;4,7;2,2;3,7;2,7;-0,3;2,9;1,7;2,8;2,21;2,3;2,29;2,29;2,29
South Africa;6,6;5,4;-0,4;-1,8;5,1;-1,2;0;2,1;4,2;2,4;-0,3;-1;-2,1;1,2;3,2;3,1;4,3;2,6;0,5;2,4;4,2;2,7;3,7;2,9;4,6;5,3;5,6;5,4;3,2;-1,5;3;3,2;2,4;2,5;1,4;1,3;0,7;1,2;1,5;0,3;-6,3;4,9;2;0,1;1,58;1,95;2,05;2,07;2,08
South Sudan, Republic of;2,4;2,5;1,8;1,4;3,4;4,1;3,1;2,7;5;3,8;3,2;2,1;1,8;2,4;2,45;4,05;4,4;4,5;3,55;3;3,4;4,1;4,1;4,55;4,55;5,75;5,25;5,55;5,15;3,2;6,2;5,1;-50,3;27,3;1,6;-0,2;-13,3;-5,8;-2,1;0,9;-6,5;5,3;6,6;5,6;-0,25;1,48;0,97;1,12;1,08
Spain;1,2;-0,4;1,2;1,7;1,7;2,4;3,4;5,7;5,3;5;3,8;2,5;0,9;-1,3;2,3;4,1;2,4;3,9;4,5;4,7;5,1;3,9;2,7;3;3,1;3,7;4,1;3,6;0,9;-3,8;0,2;-0,8;-3;-1,4;1,4;3,8;3;3;2,3;2;-11,3;5,5;5,5;1,5;1,83;1,92;1,94;1,95;1,95
Sri Lanka;5,8;5,3;5,2;3,3;6,7;5;4,3;1,5;2,7;2,3;6,2;10,8;-3,1;7,5;8;6,1;12,2;10,3;-1,6;2,9;8,4;-1,9;3,7;5,9;5,4;6,2;7,7;6,8;6;3,5;8;8,7;8,6;4,1;6,4;4,2;5,1;6,5;2,3;-0,2;-3,5;3,3;-8,7;-3;-2,62;-2,67;-2,66;-2,66;-2,66
Sudan;2,5;6,3;4,1;-1,5;-5,6;-0,6;9,9;6,5;4,3;1,4;0,8;7;5,5;2,8;3,5;8,9;5,5;6,1;8,2;4,2;8,4;10,9;5,9;6,3;5,1;5,6;6,5;5,7;3,8;-2,8;3,9;-3,2;-17;2;4,7;4,9;4,7;0,8;-2,3;-2,5;-3,6;0,5;-2,5;1,2;0,87;0,74;0,69;0,67;0,66
Suriname;-6,5;1,9;-6,3;-5,1;-3;-0,9;-2,4;-8,8;10,8;2,3;-1,5;-13,8;3,9;-2,2;-7;11,3;11,2;7;2,2;-0,9;-0,1;4,9;3,7;6,2;7,3;4,9;5,8;5,1;4,1;3;5,2;5,8;2,7;2,9;0,3;-3,4;-4,9;1,6;4,9;1,1;-15,9;-2,7;1,3;2,3;0,04;-0,28;-0,32;-0,33;-0,33
Sweden;4,6;4,5;1,4;2,1;4,3;2,3;3;3,3;2,5;2,7;0,8;-1,1;-0,9;-1,8;3,9;3,9;1,6;3,1;4,3;4,2;4,8;1,4;2,2;2,3;4,3;2,9;4,7;3,4;-0,5;-4,3;6;3,2;-0,6;1,2;2,7;4,5;2,1;2,6;2;2;-2,2;5,4;2,6;-0,5;1,91;2,24;2,28;2,29;2,29
Switzerland;5,1;1,6;-1,3;0,6;3,1;3,7;1,8;1,5;3,3;4,4;3,7;-0,9;-0,1;-0,1;1,3;0,6;0,5;2,2;2,9;1,6;4,1;1,6;-0,1;-0,1;2,6;2,8;4,2;3,9;2,7;-2,3;3,2;1,9;1,2;1,8;2,3;1,6;2,1;1,4;2,9;1,2;-2,5;4,2;2,1;0,8;1,67;1,79;1,8;1,81;1,81
Syria;10,5;8,5;2,6;1,6;-6,5;7,3;-4,8;1,3;12,7;-6,1;10,4;10,7;13,2;7,4;5,5;5,4;3;-1,1;5,6;-3,1;2,3;3,7;5,9;-2;6,9;6,2;5;5,7;4,5;5,9;3,4;4,95;4,7;4,5;3,8;3,7;3,1;2,5;2,6;2,2;-4,2;4,1;4,2;3;2,94;2,96;2,95;2,96;2,96
São Tomé and Príncipe;-1,1;-10,3;3,1;-3,9;-6;9,3;-5,8;-2,9;2;3,1;-2,2;1,2;0,7;1,1;2,2;2;1,5;1;2,5;2,5;0,4;2,4;2,4;6,6;3,8;7,1;9,1;3,3;8,2;2,4;6,7;4,4;3,1;4,8;6,5;3,8;4,2;3,9;3;2,2;3;1,9;0,9;2;1,99;1,99;1,99;1,99;1,99
Taiwan Province of China;8;7,1;4,8;9;10;4,8;11,5;12,8;8;8,7;5,5;8,4;8,3;6,8;7,5;6,5;6,2;6,1;4,2;6,7;6,3;-1,4;5,5;4,2;7;5,4;5,8;6,9;0,8;-1,6;10,2;3,7;2,2;2,5;4,7;1,5;2,2;3,3;2,8;3,1;3,4;6,5;2,5;2,1;3,38;3,28;3,28;3,28;3,28
Tajikistan;3,4;2,8;4,1;4,7;4,5;1,9;2,1;1,3;4,3;3;3,7;4,1;4,25;-11,1;-21,4;-12,5;-4,4;1,7;5,3;3,7;8,3;10,2;9,1;10,2;10,6;6,7;7;7,8;7,9;3,9;6,5;7,4;7,5;7,4;6,7;6;6,9;7,1;7,6;7,4;4,4;9,4;8;5;4,91;4,93;4,93;4,93;4,93
Tanzania;3,3;0,5;0,6;2,4;3,4;4,6;6,6;5,9;4,4;3,8;7;2,1;0,6;1,2;1,6;3,6;4,5;3,5;3,7;4,8;4,9;6;7,2;6,9;7,8;7,4;4,7;8,5;5,6;5,4;6,4;7,9;5,1;6,8;6,7;6,2;6,9;6,8;7;7;4,8;4,9;4,7;5,2;5,43;5,56;5,62;5,66;5,68
Thailand;4,6;5,9;5,4;5,6;5,8;4,6;5,5;9,5;13,3;12,2;11,6;8,4;9,2;8,7;8;8,1;5,7;-2,8;-7,6;4,6;4,5;3,4;6,1;7,2;6,3;4,2;5;5,4;1,7;-0,7;7,5;0,8;7,2;2,7;1;3,1;3,4;4,2;4,2;2,1;-6,2;1,6;2,6;3,4;3,22;3,14;3,1;3,07;3,06
Timor-Leste;5,15;5,8;3,8;3,9;6,7;5,3;4,8;2,25;3,5;4,2;4,6;4,9;5;4;7,5;6,1;5,6;4;3,3;3,55;5,2;16,3;-6,7;-2,2;0,4;3;-4,1;10,3;11,4;10,1;9,3;6;4,9;3,1;4,5;2,8;3,4;-3,1;-0,7;2,1;-8,3;2,9;3,3;2,2;3,01;3,18;3,21;3,22;3,22
Togo;-2,3;-3,4;-3,7;-5,2;5,9;3,7;3,3;-2,5;10,1;4,1;5,9;-0,6;-3,2;-16,3;13,9;19,7;-3,9;3,8;-2,3;2,5;-1;0,8;3,8;6,7;-1;-4,7;2,7;-1,2;4,1;5,5;6,1;6,4;6,5;6,1;5,9;5,7;5,6;4,3;5;5,5;1,8;5,3;5,4;5,5;4,14;3,99;3,98;3,98;3,98
Tonga;15,8;14;12,8;5,8;44,1;5,6;8,8;1,7;-3,5;1,1;4,7;5,9;-3,8;-0,1;2;7,9;0,1;-0,6;2,3;2,3;3,8;1,5;4,5;0,1;-1,9;-0,4;-2,2;-2,5;4,8;-5,2;0,8;6,8;0,8;0,3;2;1,2;6,6;3,3;0,2;0,7;0,5;-2,7;-2;2,5;-0,1;0,29;0,23;0,24;0,24
Trinidad and Tobago;10,4;4,6;3,8;-10,3;-5,8;-4,1;-3,3;-4,6;-3,9;-0,8;1,5;3,1;10,1;-0,7;3,6;3,8;7,1;7,5;8,1;8;6,9;3,7;7,2;13,9;7,3;5,9;14,2;4,3;3,3;-4,8;3,5;-0,2;4,5;3,8;3,3;-0,8;-6,8;-4,7;-0,9;0,1;-7,7;-1;2,5;3,2;2,95;2,8;2,71;2,65;2,62
Tunisia;7,4;5,5;-0,5;4,7;5,7;5,7;-1,5;6,7;0,1;2,6;7,1;4,1;8;2,5;3,6;2,7;6,9;5,7;5;6;4,3;3,8;1,3;4,7;6,2;3,5;5,2;6,7;4,2;3;3,5;-2;4,2;2,4;3,1;1;1,1;2,2;2,6;1,6;-8,8;4,4;2,5;1,3;1,28;1,29;1,29;1,29;1,29
Turkmenistan;3,4;2,8;4,1;4,7;4,5;1,9;2,1;1,3;4,3;3;3,7;4,1;4,25;-10;-17,3;-7,2;-6,7;-11,3;6,7;16,5;18,6;20,4;15,8;17,1;14,7;13;11;11,1;14,7;6,1;16,2;12,9;6,1;-0,3;3,8;3;-1;4,7;0,9;-3,4;-2,9;4,6;1,8;2,3;2,89;2,43;2,79;2,52;2,73
Tuvalu;5,15;5,8;3,8;3,9;6,7;5,3;4,8;2,25;3,5;4,2;4,6;4,9;5;4;7,5;6,1;5,6;4;3,3;3,55;5,2;0,7;8,3;-4,4;-1,9;-3,7;1,3;6,9;6,6;-5,6;-2,5;7,5;-2,9;3,8;1,7;9,4;4,7;3,3;1,4;13,8;-4,3;1,8;0,7;4,3;2,74;2,9;2,88;2,89;2,89
Türkiye, Republic of;-0,8;4,4;3,4;4,8;6,8;4,3;6,9;10;2,1;0,3;9,3;0,9;6;8;-5,5;7,2;7;7,5;3,1;-3,3;6,9;-5,8;6,4;5,8;9,8;9;6,9;5;0,8;-4,8;8,4;11,2;4,8;8,5;4,9;6,1;3,3;7,5;3;0,8;1,9;11,4;5,6;2,7;4,74;4,6;4,61;4,61;4,61
Uganda;-3,4;3,9;8,2;4,9;-3;-3;0,9;4;8,3;6,4;6,5;1,8;5,9;6,7;7,7;9,2;6,6;4,6;6,1;8;3,9;8,8;7,1;6,2;5,8;10;7;8,1;10,4;8,1;7,5;7,7;2,3;3,9;5,7;8;0,2;6,8;5,5;7,8;-1,3;6;4,9;5,7;5,22;5,13;5,11;5,11;5,1
Ukraine;1,45;3,65;3,4;4,3;3;1,7;3,6;2,8;2,1;0,7;-5,6;-10,8;-9,9;-14,2;-22,9;-12,2;-10;-3;-1,9;-0,2;5,9;8,8;5,3;9,5;11,8;3,1;7,6;8,2;2,2;-15,1;4,1;5,5;0,2;0;-6,6;-9,8;2,4;2,4;3,5;3,2;-3,8;3,4;-30,3;-3;-14,04;-10,43;-11,61;-11,23;-11,35
United Arab Emirates;-1,8;8;-7,2;-5,2;4,5;-2,5;-19,3;5,3;-2,6;15,7;23,6;2,1;3,1;0;7,4;6,6;5,3;8,6;0,8;3,8;12,3;1,3;2,5;8,8;9,6;4,9;9,8;3,2;3,2;-5,2;1,6;6,9;4,8;5,1;4,2;6,8;5,6;0,7;1,3;1,1;-5;3,9;7,4;3,5;3,49;3,48;3,48;3,48;3,48
United Kingdom;-2,2;-0,9;1,7;3,9;1,9;3,7;2,6;5,2;5,2;2,2;0,6;-1,7;0;2,1;3,5;2,1;1,9;4,5;3,2;3;4,1;2,2;1,8;3,1;2,3;2,7;2,2;2,6;-0,2;-4,5;2,4;1,1;1,4;1,8;3,2;2,4;2,2;2,4;1,7;1,6;-11;7,6;4;-0,3;1,78;1,8;1,8;1,8;1,8
United States;-0,3;2,5;-1,8;4,6;7,2;4,2;3,5;3,5;4,2;3,7;1,9;-0,1;3,5;2,8;4;2,7;3,8;4,4;4,5;4,8;4,1;1;1,7;2,8;3,9;3,5;2,8;2;0,1;-2,6;2,7;1,5;2,3;1,8;2,3;2,7;1,7;2,2;2,9;2,3;-2,8;5,9;2,1;1,6;2,18;2,27;2,28;2,28;2,28
Uruguay;6;1,9;-9,4;-5,9;-1,5;0,3;7,5;5,9;0,5;1,1;0,3;3,5;7,9;2,7;7,3;-1,4;5,6;5;4,5;-1,9;-1,9;-3,8;-7,7;0,8;5;7,5;4,1;6,5;7,2;4,2;7,8;5,2;3,5;4,6;3,2;0,4;1,7;1,6;0,5;0,4;-6,1;4,4;4,9;2;2,13;2,19;2,22;2,24;2,25
Uzbekistan;3,4;2,8;4,1;4,7;4,5;1,9;2,1;1,3;4,3;3;3,7;4,1;-11,1;-2,3;-5,2;-0,9;1,7;5,2;4,3;4,3;3,8;4,2;4;4,2;7,4;7;7,5;9,5;9;8,1;7,1;7,5;7,1;7,3;6,9;7,2;5,9;4,4;5,9;6;2;7,4;5,7;5,3;5,51;5,43;5,46;5,45;5,45
Vanuatu;5,5;4,4;2;3;9,6;1;-0,1;-2,9;-1,7;1,5;11,7;3,1;2,6;0,7;9,1;1;2,3;4,9;1,2;0,3;5,9;-3,4;-5,2;4,3;4;5,3;8,5;2,9;5,6;3;1,3;3,1;1;0,5;3,1;0,4;4,7;6,3;2,9;3,2;-5;0,6;1,9;3,5;2,8;2,7;2,69;2,69;2,69
Venezuela;-4,9;-1,3;2,6;-9,9;5,2;0,9;6,1;4,8;6,5;-13,9;6,5;9,7;6,1;0,3;-2,3;4;-0,2;6,4;0,3;-6;3,7;3,4;-8,9;-7,8;18,3;10,3;9,9;8,8;5,3;-3,2;-1,5;4,2;5,6;1,3;-3,9;-6,2;-17;-15,7;-19,7;-27,7;-30;0,5;8;5;2,51;1,1;0,29;-0,17;-0,43
Vietnam;-3,5;5,8;8,2;7,1;8,4;5,6;3,4;2,5;5,1;7,8;5;5,8;8,7;8,1;8,8;9,5;9,3;8,2;5,8;4,8;6,8;6,9;7,1;7,3;7,8;7,5;7;7,1;5,7;5,4;6,4;6,4;5,5;5,6;6,4;7;6,7;6,9;7,5;7,4;2,9;2,6;8;5,8;3,53;4,44;4,08;4,22;4,16
West Bank and Gaza;3,4;2,8;4,1;4,7;4,5;1,9;2,1;1,3;4,3;3;3,7;4,1;4,25;-0,8;3,2;7,1;1,2;14,7;14,3;8,3;-8,6;-9,3;-12,5;14;21,9;11,3;-1;3,8;7,4;8,6;5,8;9,6;6,1;4,7;-0,2;3,7;8,9;1,4;1,2;1,4;-11,3;7;4;3,5;3,78;3,88;3,91;3,92;3,93
Yemen;3,4;2,8;4,1;4,7;4,5;1,9;2,1;1,3;4,3;3;3,7;6,3;8,2;4;6,7;5,7;4,6;5,2;6;3,8;6,2;3,8;3,9;3,7;4;5,6;3,2;3,3;3,6;3,9;7,7;-12,7;2,4;4,8;-0,2;-28;-9,4;-5,1;0,8;1,4;-8,5;-1;1,5;-0,5;-1,8;-2;-2,02;-2,03;-2,03
Zambia;3,9;6,6;-2,9;-1,1;-1,7;1,2;1,7;1,5;9,3;-3,7;-0,6;-0,7;2,1;-0,1;-13,3;2,9;6,2;3,8;-0,4;4,7;3,9;5,3;4,5;6,9;7;7,2;7,9;8,4;7,8;9,2;10,3;5,6;7,6;5,1;4,7;2,9;3,8;3,5;4;1,4;-2,8;4,6;3,4;4;3,2;3,15;3,15;3,15;3,15
Zimbabwe;2,4;2,5;1,8;1,4;3,4;4,1;3,1;2,7;5;3,8;3,2;2,1;1,8;2,4;2,45;4,05;4,4;4,5;3,55;-1,1;-4,2;-0,5;-7,7;-16,2;-6,3;-7,4;-3,6;-3,4;-16,3;7,4;19,7;14,2;16,7;2;2,4;1,8;0,5;5;4,7;-6,1;-7,8;8,5;3;2,5;2,08;1,85;1,72;1,65;1,61
